"school_number","school_type","city","percentage_of_students_whose_first_language_is_not_english","percentage_of_students_that_passed_the_grade_10_osslt_on_their_first_attempt","percentage_of_students_receiving_special_education_services","percentage_of_students_identified_as_gifted","percentage_of_school_aged_children_who_live_in_low_income_households","percentage_of_students_whose_parents_have_no_degree_diploma_or_certificate"
"891347","public","desbarats","0","71","25","0","15","10"
"900869","public","chapleau","0","53","20","0","10","10"
"908010","public","elliot lake","0","61","30","0","15","10"
"920533","public","sault ste marie","3","68","19","0","12","6"
"926086","public","wawa","5","57","30","0","5","0"
"958050","public","sault ste. marie","2","72","20","1","16","6"
"895270","public","blind river","0","57","40","0","20","10"
"953148","public","sault ste marie","10","58","35","0","15","0"
"715298","catholic","kingston","5","77","25","0","8","1"
"835099","catholic","belleville","5","86","20","0","20","0"
"752932","catholic","kingston","10","87","28","0","15","4"
"841358","catholic","trenton","0","83","30","0","15","5"
"851752","catholic","belleville","2","65","25","0","12","5"
"899569","public","clinton","0","56","30","0","10","0"
"953776","public","wingham","2","75","26","2","16","20"
"913600","public","goderich","5","81","25","10","10","5"
"923095","public","listowel","14","77","18","2","8","18"
"927120","public","mitchell","0","94","20","0","10","0"
"943118","public","exeter","0","64","30","0","10","10"
"944807","public","st marys","5","72","20","0","5","0"
"896969","public","lion s head","0","46","30","0","10","10"
"925438","public","meaford","5","80","30","0","10","0"
"914444","public","flesherton","2","67","27","0","12","10"
"915556","public","hanover","2","74","35","0","12","14"
"919454","public","kincardine","4","70","29","0","9","5"
"951692","public","owen sound","5","91","32","1","15","7"
"953253","public","wiarton","0","81","40","0","10","10"
"940127","public","port elgin","9","91","31","1","12","6"
"950262","public","walkerton","0","70","40","0","10","10"
"688088","catholic","brantford","2","79","17","2","13","5"
"720232","catholic","simcoe","3","83","18","2","11","8"
"751898","catholic","brantford","4","86","14","3","11","4"
"759430","catholic","walkerton","3","80","32","0","11","10"
"776599","catholic","owen sound","1","63","22","0","13","7"
"715190","catholic","cornwall","13","81","30","0","18","7"
"736457","catholic","carleton place","4","78","38","0","9","2"
"751502","catholic","hammond","10","58","40","0","10","0"
"804800","catholic","perth road","5","81","35","0","15","0"
"806277","catholic","cornwall","9","85","33","0","16","9"
"824593","catholic","brockville","5","90","30","0","15","10"
"832480","catholic","kemptville","0","91","30","0","10","0"
"803065","catholic","kemptville","0","8","100","0","20","0"
"733067","catholic","russell","0","91","25","0","5","0"
"907430","public","ottawa","76","96","18","0","20","7"
"912662","public","orleans","87","92","15","0","10","3"
"907464","public","cornwall","60","79","0","0","15","10"
"949540","public","hawkesbury","90","97","20","0","15","5"
"904945","public","gloucester","85","96","13","0","22","8"
"901539","public","trenton","60","100","30","0","10","0"
"930144","public","kanata","75","94","25","0","10","5"
"907421","public","ottawa","90","87","0","0","30","15"
"918997","public","toronto","80","100","10","0","30","15"
"907588","public","north york","80","91","15","0","30","10"
"907553","public","welland","50","80","20","0","20","10"
"910554","public","london","40","89","15","0","20","5"
"914723","public","oakville","80","96","20","0","20","5"
"907308","public","hamilton","70","83","20","0","20","10"
"907642","public","brampton","70","92","10","0","15","5"
"934852","public","penetanguishene","30","72","20","0","15","5"
"896889","public","richmond hill","40","89","10","0","10","10"
"925326","public","barrie","55","86","20","0","10","0"
"901037","public","pickering","70","81","10","0","20","10"
"952803","public","toronto","65","92","10","0","20","10"
"961008","public","windsor","90","88","15","0","30","15"
"683922","catholic","hamilton","70","86","20","0","20","5"
"733458","catholic","toronto","80","91","10","5","25","15"
"740390","catholic","barrie","45","89","20","5","10","0"
"846041","catholic","toronto","85","90","15","0","30","10"
"751073","catholic","cambridge","65","94","20","5","5","0"
"705357","catholic","aurora","60","93","15","0","15","0"
"706477","catholic","whitby","75","94","15","0","10","0"
"691950","catholic","toronto","70","98","15","0","20","10"
"782017","catholic","welland","80","88","25","5","15","5"
"790001","catholic","mississauga","85","94","10","0","10","0"
"865368","catholic","oakville","80","94","10","0","10","0"
"907448","public","hanmer","75","79","40","0","10","0"
"907570","public","sudbury","70","90","25","0","10","0"
"922870","public","timmins","70","57","50","0","10","10"
"919055","public","kapuskasing","80","64","30","0","10","10"
"946117","public","sturgeon falls","80","62","30","0","10","10"
"909335","public","north bay","50","56","40","0","10","0"
"685011","catholic","north bay","65","82","25","0","15","0"
"710660","catholic","sturgeon falls","90","82","25","0","15","10"
"704920","catholic","embrun","100","98","15","0","0","0"
"728330","catholic","rockland","97","95","22","2","8","3"
"725684","catholic","cornwall","90","83","25","5","15","10"
"752908","catholic","alexandria","95","81","30","0","20","5"
"695050","catholic","casselman","93","86","27","3","9","1"
"752720","catholic","plantagenet","100","90","25","0","10","5"
"713740","catholic","hawkesbury","100","90","30","5","20","0"
"701718","catholic","thunder bay","40","94","25","0","5","5"
"724157","catholic","cochrane","80","78","15","0","5","10"
"698725","catholic","kapuskasing","90","83","15","0","20","5"
"711110","catholic","hearst","100","89","25","0","10","10"
"822507","catholic","new liskeard","85","81","25","0","10","10"
"864650","catholic","timmins","81","79","22","0","10","9"
"705020","catholic","kirkland lake","70","89","30","0","20","0"
"855949","catholic","brockville","40","94","20","10","10","10"
"705314","catholic","orleans","85","92","24","0","6","1"
"694827","catholic","nepean","80","87","20","0","25","10"
"695955","catholic","ottawa","91","90","21","0","28","9"
"705233","catholic","ottawa","78","86","16","0","22","10"
"710903","catholic","orleans","85","94","18","0","6","3"
"696021","catholic","pembroke","60","100","30","0","10","5"
"750085","catholic","kingston","60","92","20","0","5","0"
"846435","catholic","orleans","85","95","20","0","5","5"
"758231","catholic","ottawa","62","96","22","0","6","1"
"832670","catholic","nepean","64","94","17","0","8","2"
"705373","catholic","ottawa","90","71","70","0","20","10"
"698989","catholic","sudbury","88","90","8","0","11","2"
"707511","catholic","sault ste marie","50","80","20","0","20","10"
"696048","catholic","chelmsford","80","73","25","0","10","5"
"705004","catholic","blind river","30","67","30","0","20","10"
"704970","catholic","chapleau","60","73","30","0","10","10"
"771473","catholic","val caron","85","80","10","0","5","0"
"705110","catholic","sudbury","80","75","35","0","10","0"
"704717","catholic","windsor","40","97","30","0","15","5"
"708500","catholic","london","55","92","20","0","20","10"
"705438","catholic","woodstock","20","68","20","0","0","10"
"791601","catholic","sarnia","30","96","20","0","10","0"
"707015","catholic","pain court","15","83","40","0","15","5"
"728772","catholic","tecumseh","25","84","27","1","10","7"
"890200","public","niagara falls","9","84","18","0","12","5"
"894109","public","beamsville","0","83","45","0","10","0"
"935455","public","st. catharines","5","89","30","0","20","10"
"906328","public","fonthill","3","80","19","0","5","1"
"906972","public","welland","0","64","60","0","25","10"
"907677","public","st catharines","10","92","19","1","12","6"
"914010","public","st catharines","5","84","14","0","11","6"
"897646","public","fort erie","3","85","23","1","18","5"
"914517","public","grimsby","4","85","18","0","8","2"
"921750","public","st catharines","8","82","25","0","21","9"
"935700","public","port colborne","0","61","40","0","15","5"
"942464","public","st catharines","17","87","15","0","16","6"
"944157","public","st catharines","20","52","67","0","26","11"
"945064","public","niagara falls","6","75","45","1","21","7"
"948055","public","thorold","5","73","30","0","17","8"
"947180","public","welland","8","75","18","1","16","4"
"952214","public","niagara falls","31","84","22","0","17","7"
"902292","public","cochrane","0","42","30","0","10","15"
"908924","public","englehart","0","73","40","0","20","20"
"918288","public","iroquois falls","0","57","35","0","15","10"
"919063","public","kapuskasing","10","53","35","0","20","0"
"920363","public","kirkland lake","0","55","40","0","20","5"
"943509","public","south porcupine","0","65","50","0","10","5"
"946940","public","new liskeard","3","78","39","0","13","7"
"948578","public","timmins","2","63","27","0","12","9"
"687308","catholic","mississauga","29","76","17","0","21","16"
"749813","catholic","brampton","28","86","14","0","10","11"
"850888","catholic","brampton","25","76","14","0","16","6"
"706957","catholic","mississauga","52","81","11","0","29","8"
"718114","catholic","brampton","35","94","6","0","15","9"
"722790","catholic","mississauga","32","87","19","0","15","4"
"724564","catholic","mississauga","38","82","18","0","22","7"
"798118","catholic","mississauga","28","85","15","1","15","6"
"690694","catholic","brampton","18","84","13","2","13","7"
"742333","catholic","mississauga","25","89","18","1","10","4"
"751430","catholic","mississauga","49","86","18","0","19","6"
"753211","catholic","caledon east","6","79","18","0","7","5"
"767255","catholic","mississauga","31","90","19","0","17","2"
"775606","catholic","brampton","19","74","22","0","14","8"
"788511","catholic","brampton","21","87","19","0","10","7"
"792594","catholic","mississauga","31","90","11","3","15","5"
"806919","catholic","mississauga","27","83","13","1","17","7"
"821381","catholic","mississauga","18","88","17","1","10","5"
"822655","catholic","brampton","14","81","15","0","11","9"
"823953","catholic","mississauga","38","78","18","0","19","5"
"841730","catholic","mississauga","35","79","15","0","20","5"
"854530","catholic","brampton","23","75","13","0","15","10"
"696056","catholic","mississauga","49","84","13","0","20","3"
"864570","catholic","bolton","6","79","18","0","7","4"
"736228","catholic","mississauga","30","28","45","0","20","5"
"784979","catholic","brampton","18","87","14","0","11","7"
"685984","catholic","whitby","6","91","21","0","10","4"
"703923","catholic","ajax","10","87","30","0","12","7"
"710083","catholic","whitby","8","87","18","0","10","2"
"735060","catholic","oshawa","10","53","40","0","20","5"
"741310","catholic","oshawa","7","70","24","0","14","6"
"738050","catholic","ajax","7","80","17","0","13","7"
"826278","catholic","pickering","8","84","19","0","10","4"
"890855","public","ajax","14","75","21","1","12","6"
"892025","public","whitby","11","87","25","14","10","2"
"896446","public","cannington","5","61","30","0","10","0"
"934991","public","whitby","3","85","21","3","5","3"
"904392","public","whitby","14","88","14","4","8","2"
"905674","public","pickering","12","87","21","2","8","3"
"905585","public","oshawa","5","50","40","0","15","10"
"906565","public","oshawa","5","75","34","1","17","6"
"911291","public","oshawa","10","38","40","0","30","10"
"916331","public","whitby","10","83","22","3","13","4"
"918423","public","ajax","30","85","16","1","13","6"
"932345","public","oshawa","14","82","20","2","11","2"
"932329","public","oshawa","11","86","22","9","19","4"
"935310","public","ajax","19","91","15","17","10","6"
"935360","public","pickering","23","77","23","1","12","4"
"936227","public","port perry","2","71","27","4","11","1"
"937525","public","oshawa","10","80","25","1","17","8"
"941603","public","whitby","17","79","17","3","9","2"
"948969","public","uxbridge","2","89","23","5","7","0"
"896187","public","brantford","2","72","18","0","14","3"
"899046","public","cayuga","3","63","27","0","8","1"
"903728","public","delhi","3","57","15","0","12","8"
"906069","public","dunnville","5","67","30","0","15","10"
"915033","public","hagersville","5","56","30","0","5","5"
"898007","public","caledonia","4","68","20","1","6","2"
"930245","public","brantford","8","72","19","0","14","4"
"933490","public","paris","1","72","17","0","10","4"
"934402","public","brantford","5","46","32","0","23","9"
"941557","public","simcoe","2","67","30","1","12","6"
"916412","public","brantford","5","0","80","0","20","10"
"949035","public","langton","35","47","25","0","10","35"
"950785","public","waterford","5","64","30","0","10","0"
"929727","public","belle river","4","76","20","0","8","4"
"909440","public","essex","1","84","19","0","6","3"
"911780","public","amherstburg","3","81","15","1","8","0"
"917249","public","windsor","37","64","14","1","39","17"
"920100","public","kingsville","4","81","19","0","8","13"
"922188","public","leamington","31","66","15","1","14","28"
"939218","public","windsor","22","75","21","1","19","8"
"939765","public","lasalle","10","91","15","0","10","3"
"902299","public","tecumseh","10","90","18","1","8","2"
"949612","public","windsor","48","84","9","1","20","5"
"950009","public","windsor","16","62","27","0","28","11"
"950394","public","windsor","8","81","25","0","28","10"
"951927","public","amherstburg","0","10","100","0","15","10"
"918806","public","windsor","59","39","35","0","40","16"
"688231","catholic","burlington","19","87","19","3","11","3"
"689726","catholic","milton","33","86","10","4","11","4"
"697125","catholic","georgetown","5","81","17","2","4","2"
"761182","catholic","burlington","17","88","18","0","7","1"
"704300","catholic","oakville","16","86","16","3","12","1"
"738271","catholic","burlington","11","82","20","1","7","2"
"696392","catholic","milton","30","85","11","1","16","3"
"798010","catholic","oakville","24","91","14","1","13","1"
"854212","catholic","oakville","20","83","12","3","13","2"
"913715","public","oakville","45","93","10","20","14","1"
"890332","public","acton","10","80","35","0","5","0"
"890987","public","burlington","20","78","21","2","8","5"
"897353","public","burlington","33","78","20","1","16","4"
"967740","public","milton","40","75","27","1","11","5"
"893675","public","burlington","30","87","19","1","8","1"
"901439","public","oakville","43","93","16","0","13","1"
"940925","public","burlington","5","17","70","5","15","5"
"912433","public","georgetown","11","80","30","4","5","2"
"918300","public","oakville","49","94","12","10","14","1"
"924393","public","burlington","16","76","31","2","8","4"
"926736","public","milton","42","91","15","4","12","2"
"928160","public","burlington","15","85","20","14","8","1"
"932060","public","oakville","37","92","12","10","9","0"
"947539","public","oakville","36","83","20","2","11","2"
"953121","public","oakville","67","92","14","2","16","3"
"689750","catholic","hannon","18","82","15","1","14","5"
"689386","catholic","ancaster","11","82","15","1","9","5"
"695343","catholic","hamilton","30","68","22","1","33","20"
"800430","catholic","hamilton","26","78","17","0","19","8"
"694134","catholic","stoney creek","15","74","17","1","12","8"
"827401","catholic","hamilton","11","81","21","1","11","3"
"855685","catholic","hamilton","26","82","11","1","16","7"
"891894","public","ancaster","19","83","21","2","8","4"
"916579","public","dundas","6","79","28","4","9","2"
"913081","public","hamilton","43","67","23","1","25","9"
"932507","public","stoney creek","40","87","16","2","11","8"
"939730","public","stoney creek","31","81","20","1","11","5"
"941328","public","hamilton","13","64","23","2","18","7"
"941719","public","hamilton","23","60","32","0","19","8"
"942448","public","hamilton","12","49","34","1","30","17"
"950653","public","waterdown","9","81","21","1","8","2"
"951820","public","hamilton","33","84","18","7","20","9"
"952478","public","hamilton","34","88","10","10","15","7"
"893803","public","belleville","8","81","20","0","11","5"
"899275","public","belleville","7","58","29","0","16","8"
"900478","public","madoc","0","69","30","0","25","10"
"927252","public","belleville","7","60","34","0","16","8"
"929980","public","bancroft","0","80","30","0","20","15"
"936618","public","picton","1","63","28","0","17","2"
"948705","public","trenton","2","58","40","0","19","11"
"771686","catholic","clinton","3","67","24","1","9","7"
"832545","catholic","stratford","3","79","20","1","8","4"
"776076","catholic","sault ste marie","3","80","20","0","15","6"
"918598","public","moosonee","0","69","30","0","10","15"
"890464","public","peterborough","4","84","29","0","15","6"
"895539","public","bowmanville","3","73","28","0","8","3"
"898260","public","campbellford","1","72","29","1","18","8"
"901687","public","bowmanville","4","76","29","0","8","2"
"901512","public","newcastle","0","87","25","0","10","0"
"967836","public","cobourg","2","88","29","2","11","2"
"903078","public","courtice","5","76","19","0","5","3"
"903337","public","peterborough","3","66","34","0","8","2"
"906719","public","brighton","1","68","33","0","10","5"
"919195","public","peterborough","10","73","40","0","25","10"
"931543","public","norwood","0","60","45","0","20","5"
"936090","public","port hope","0","69","40","0","10","0"
"947563","public","peterborough","6","74","32","0","15","3"
"894230","public","kenora","1","62","28","0","8","8"
"905283","public","dryden","2","59","25","0","8","6"
"937789","public","red lake","5","58","25","0","0","20"
"936871","public","sioux lookout","5","29","25","0","0","20"
"864471","catholic","kenora","0","66","20","0","10","5"
"915424","public","thunder bay","5","78","19","0","16","8"
"950848","public","thunder bay","8","78","20","0","15","5"
"952087","public","thunder bay","2","82","24","0","13","7"
"891274","public","sarnia","5","20","90","0","20","0"
"895148","public","blenheim","0","59","20","0","10","5"
"919322","public","chatham","8","81","20","1","16","8"
"890861","public","sarnia","5","69","23","1","22","6"
"918938","public","chatham","6","74","48","1","19","6"
"921408","public","petrolia","3","78","19","1","8","2"
"921530","public","dresden","0","78","20","0","10","15"
"910228","public","forest","2","74","22","2","9","3"
"930636","public","sarnia","8","86","21","2","9","2"
"938696","public","ridgetown","5","67","30","0","10","15"
"948446","public","tilbury","45","60","15","0","10","25"
"950521","public","wallaceburg","2","57","35","0","19","13"
"893773","public","kingston","11","73","31","0","8","2"
"909181","public","odessa","0","74","40","0","5","0"
"911135","public","kingston","6","85","27","0","8","2"
"930348","public","sharbot lake","0","62","50","0","20","10"
"920592","public","kingston","4","66","29","0","5","2"
"924130","public","kingston","21","78","34","0","23","6"
"927902","public","napanee","2","64","34","0","16","4"
"890596","public","cloyne","0","67","50","0","30","20"
"946494","public","sydenham","1","72","34","0","6","2"
"695734","catholic","london","28","85","9","3","24","9"
"704253","catholic","strathroy","0","67","25","0","10","5"
"724513","catholic","london","19","72","17","1","26","15"
"733032","catholic","london","22","89","11","1","16","5"
"752827","catholic","london","15","77","19","0","21","8"
"810916","catholic","st. thomas","2","81","20","1","10","6"
"831190","catholic","woodstock","3","71","26","0","9","7"
"854280","catholic","london","5","89","15","1","10","2"
"763602","catholic","london","19","80","13","1","18","3"
"943630","public","south river","2","69","50","0","21","9"
"901385","public","north bay","5","72","28","0","15","4"
"925179","public","mattawa","0","55","40","0","20","0"
"946109","public","sturgeon falls","5","53","40","0","15","10"
"934275","public","parry sound","1","61","39","0","15","6"
"951463","public","north bay","4","68","31","0","17","4"
"690791","catholic","grimsby","4","86","20","1","8","2"
"703796","catholic","st catharines","15","76","24","1","18","8"
"715247","catholic","st catharines","18","77","18","0","16","6"
"726087","catholic","port colborne","6","84","23","0","17","5"
"740195","catholic","welland","7","83","23","0","16","3"
"790818","catholic","st catharines","18","82","16","2","16","5"
"773662","catholic","niagara falls","24","89","17","0","17","6"
"761710","catholic","niagara falls","14","75","19","0","14","5"
"763659","catholic","north bay","0","78","32","0","14","5"
"740454","catholic","timmins","5","69","20","0","15","5"
"724777","catholic","kanata","11","92","23","0","7","2"
"724742","catholic","kanata","20","85","24","0","8","1"
"721085","catholic","ottawa","19","83","25","0","28","9"
"689181","catholic","gloucester","42","71","19","0","27","7"
"809020","catholic","ottawa","35","74","25","0","35","15"
"759970","catholic","stittsville","4","89","25","0","5","0"
"764914","catholic","nepean","18","86","25","0","9","3"
"864331","catholic","manotick","4","83","28","0","5","1"
"704873","catholic","orleans","16","92","24","0","8","3"
"816132","catholic","ottawa","44","81","16","0","33","15"
"689203","catholic","ottawa","20","85","25","0","20","5"
"843296","catholic","orleans","12","79","22","0","6","1"
"847313","catholic","ottawa","31","76","22","0","18","8"
"843510","catholic","gloucester","27","87","19","0","14","4"
"733288","catholic","nepean","23","88","21","0","9","2"
"890243","public","kanata","23","86","24","0","7","1"
"894362","public","nepean","52","81","16","15","19","7"
"896705","public","ottawa","55","76","23","1","22","9"
"906514","public","orleans","21","85","28","1","7","3"
"898317","public","ottawa","15","94","20","3","14","4"
"902586","public","gloucester","41","98","8","15","11","1"
"906484","public","kanata","41","94","18","1","10","1"
"912697","public","ottawa","19","85","23","7","14","5"
"913472","public","gloucester","60","74","21","1","28","10"
"916854","public","ottawa","39","74","31","1","23","13"
"918954","public","nepean","31","88","22","1","8","2"
"922960","public","ottawa","32","96","14","28","22","2"
"900494","public","nepean","39","89","17","0","11","2"
"925691","public","nepean","28","88","20","5","11","5"
"928291","public","ottawa","14","90","26","3","12","2"
"932710","public","metcalfe","0","82","30","0","5","0"
"938564","public","ottawa","65","55","17","1","34","17"
"942952","public","nepean","10","28","95","0","20","5"
"942014","public","nepean","24","89","29","1","13","5"
"942332","public","orleans","29","83","23","1","7","2"
"942855","public","richmond","6","83","24","0","6","0"
"951366","public","dunrobin","21","85","26","1","6","2"
"954420","public","ottawa","48","76","27","0","26","14"
"892203","public","mississauga","56","91","15","0","19","6"
"895920","public","brampton","47","69","13","0","20","11"
"896055","public","brampton","51","83","15","0","14","6"
"918407","public","brampton","68","86","10","0","12","14"
"899003","public","mississauga","30","87","22","0","15","4"
"899828","public","brampton","55","80","17","0","16","9"
"901342","public","brampton","65","86","11","0","12","8"
"901660","public","mississauga","42","86","16","0","16","4"
"909673","public","brampton","53","76","13","0","13","7"
"909092","public","mississauga","56","90","20","0","21","5"
"910058","public","brampton","56","81","15","0","11","8"
"913189","public","mississauga","73","88","12","0","27","9"
"943916","public","brampton","73","87","10","0","12","8"
"916269","public","brampton","39","72","17","4","10","7"
"917559","public","bolton","24","85","26","3","6","6"
"935244","public","brampton","62","83","18","0","13","4"
"918830","public","mississauga","72","93","11","0","19","1"
"930679","public","brampton","20","4","95","0","15","5"
"952885","public","mississauga","60","72","25","0","22","19"
"924008","public","mississauga","28","90","15","6","12","3"
"904203","public","brampton","71","77","16","0","10","9"
"925349","public","caledon","26","86","14","0","8","5"
"925551","public","mississauga","53","79","20","0","12","4"
"925535","public","mississauga","75","82","18","0","14","9"
"930660","public","brampton","62","89","14","0","13","9"
"935832","public","mississauga","45","92","20","0","20","4"
"938009","public","mississauga","74","83","11","0","18","6"
"939596","public","brampton","71","81","20","0","10","10"
"962646","public","mississauga","79","87","8","0","22","3"
"945978","public","mississauga","40","91","12","0","13","4"
"948187","public","mississauga","76","83","20","0","28","7"
"954403","public","mississauga","63","93","11","36","18","6"
"918440","public","brampton","58","84","25","0","14","9"
"951404","public","mississauga","35","20","95","0","21","6"
"704261","catholic","peterborough","5","73","32","1","16","4"
"720240","catholic","courtice","4","78","25","1","6","2"
"830410","catholic","cobourg","3","76","24","0","12","2"
"845361","catholic","peterborough","5","73","26","1","13","4"
"851116","catholic","bowmanville","3","77","24","0","7","3"
"855006","catholic","lindsay","0","64","35","0","10","10"
"932302","provincial","brantford","0","33","100","0","0","0"
"901121","public","chelmsford","0","48","50","0","10","5"
"895237","public","val caron","0","61","30","0","10","0"
"909319","public","espanola","0","55","35","0","10","15"
"920622","public","sudbury","2","69","31","0","18","3"
"923354","public","lively","5","67","30","0","5","5"
"923486","public","sudbury","4","88","19","0","8","1"
"923613","public","sudbury","5","90","15","0","10","0"
"924679","public","m'chigeeng","0","57","30","0","5","10"
"941298","public","sudbury","5","73","30","0","20","5"
"892939","public","atikokan","0","83","25","0","10","0"
"910872","public","fort frances","5","62","28","0","10","8"
"937657","public","rainy river","0","69","20","0","10","10"
"689939","catholic","pembroke","1","70","30","0","11","4"
"814962","catholic","renfrew","0","83","25","0","10","10"
"892416","public","arnprior","2","86","22","0","13","3"
"925365","public","pembroke","2","59","29","0","13","4"
"904767","public","deep river","5","82","20","0","5","5"
"924431","public","barry's bay","0","68","30","0","10","10"
"932434","public","douglas","0","67","20","0","10","0"
"937916","public","renfrew","0","79","45","0","10","10"
"902747","public","petawawa","5","57","20","0","5","5"
"893064","public","alliston","4","75","19","1","8","5"
"893323","public","barrie","6","76","26","7","17","8"
"894060","public","barrie","7","76","18","0","10","3"
"895792","public","bradford","21","88","18","1","11","7"
"902551","public","collingwood","3","89","21","2","15","7"
"907383","public","barrie","7","89","23","1","12","8"
"908274","public","elmvale","0","85","25","0","15","5"
"928151","public","midland","2","64","20","1","12","4"
"918253","public","barrie","9","79","19","1","10","3"
"927724","public","innisfil","6","84","20","0","10","10"
"902636","public","angus","4","65","26","1","9","6"
"968729","public","orillia","2","82","26","1","12","8"
"945196","public","stayner","0","71","30","0","10","0"
"948870","public","orillia","2","58","24","1","13","5"
"711098","catholic","bradford","16","81","20","2","11","7"
"723630","catholic","collingwood","5","81","20","0","10","0"
"751103","catholic","orillia","1","76","19","1","11","8"
"786691","catholic","bracebridge","0","70","35","0","10","0"
"801275","catholic","barrie","5","70","21","0","9","4"
"813389","catholic","barrie","6","72","20","1","15","9"
"844012","catholic","barrie","6","78","19","1","10","5"
"852775","catholic","midland","1","68","27","0","12","5"
"773050","catholic","tottenham","5","74","19","1","7","5"
"836788","catholic","sarnia","1","76","30","0","12","2"
"864366","catholic","chatham","1","81","29","0","13","9"
"689351","catholic","hanmer","0","75","20","0","10","0"
"730963","catholic","sudbury","10","89","10","0","10","0"
"777196","catholic","sudbury","5","92","20","0","10","0"
"783358","catholic","sudbury","5","84","26","0","15","2"
"912565","public","geraldton","0","44","45","0","20","30"
"940666","public","terrace bay","0","78","20","0","10","10"
"924652","public","manitouwadge","0","50","30","0","10","10"
"924784","public","marathon","0","52","35","0","5","5"
"929336","public","red rock","0","40","30","0","10","5"
"890073","public","london","32","84","9","3","15","3"
"892670","public","st thomas","0","32","50","0","25","10"
"947148","public","london","5","0","95","0","30","10"
"899305","public","st thomas","4","82","16","2","14","4"
"901644","public","london","7","45","29","1","21","14"
"902420","public","woodstock","3","43","34","1","11","9"
"906581","public","aylmer","20","68","17","0","11","38"
"912824","public","glencoe","0","63","25","0","20","0"
"912956","public","tillsonburg","1","64","16","1","9","15"
"914908","public","london","24","67","19","2","22","8"
"918024","public","woodstock","7","64","17","1","9","6"
"918156","public","ingersoll","1","59","21","1","9","5"
"923745","public","london","43","97","9","10","18","5"
"923877","public","london","14","80","13","2","20","6"
"904503","public","dorchester","5","82","20","5","5","0"
"925560","public","arva","8","77","17","4","8","2"
"927430","public","london","33","41","30","1","34","22"
"930113","public","parkhill","0","61","20","0","5","0"
"931934","public","london","24","86","13","4","15","3"
"944939","public","st thomas","2","65","21","2","12","4"
"940437","public","london","21","61","24","1","18","5"
"941743","public","london","32","82","15","3","20","4"
"942162","public","london","17","78","16","2","19","8"
"945846","public","strathroy","1","76","25","3","9","5"
"951439","public","west lorne","5","51","20","0","10","10"
"952346","public","london","60","79","20","0","30","10"
"954551","public","woodstock","3","76","17","3","10","6"
"798193","catholic","thunder bay","5","83","9","0","11","3"
"687111","catholic","thunder bay","2","69","7","0","12","6"
"689360","catholic","toronto","28","92","14","9","13","5"
"691798","catholic","toronto","48","93","29","0","26","19"
"690961","catholic","toronto","51","75","17","3","25","6"
"694550","catholic","toronto","22","98","8","5","20","6"
"695947","catholic","toronto","26","81","17","2","20","16"
"702935","catholic","toronto","63","86","22","0","22","20"
"707589","catholic","toronto","32","73","17","0","28","26"
"731951","catholic","toronto","27","94","14","10","14","5"
"707708","catholic","toronto","36","83","19","2","24","12"
"723096","catholic","toronto","54","54","18","1","32","25"
"728055","catholic","toronto","28","92","8","3","18","7"
"728063","catholic","toronto","40","86","25","0","20","20"
"729019","catholic","toronto","50","72","15","0","26","20"
"730653","catholic","toronto","54","91","18","2","21","12"
"730882","catholic","toronto","35","90","8","6","24","12"
"731820","catholic","toronto","28","84","15","5","17","7"
"732443","catholic","toronto","35","80","21","1","25","20"
"734080","catholic","toronto","20","78","24","2","20","7"
"738115","catholic","toronto","32","92","16","2","25","9"
"763772","catholic","toronto","41","91","12","6","26","7"
"776360","catholic","toronto","36","76","23","1","25","23"
"723428","catholic","toronto","55","73","20","0","28","13"
"694193","catholic","scarborough","33","87","19","1","25","10"
"751537","catholic","toronto","34","82","14","2","20","10"
"815160","catholic","toronto","60","90","10","0","30","0"
"814954","catholic","toronto","37","91","14","3","26","12"
"689831","catholic","toronto","51","89","20","3","25","17"
"834718","catholic","toronto","20","100","0","30","20","0"
"733024","catholic","toronto","25","78","25","0","30","15"
"685550","catholic","toronto","56","65","32","0","24","22"
"838268","catholic","toronto","46","93","23","1","32","12"
"890227","public","toronto","72","87","13","14","25","4"
"890723","public","agincourt","66","96","13","2","24","16"
"890880","public","toronto","80","82","15","5","24","17"
"890120","public","north york","20","80","30","10","30","10"
"895016","public","scarborough","38","73","31","3","30","9"
"895407","public","toronto","52","89","15","10","21","13"
"897744","public","north york","58","62","17","0","29","26"
"899178","public","scarborough","55","76","16","0","32","15"
"900087","public","toronto","39","48","36","0","28","15"
"899437","public","toronto","37","80","30","3","23","13"
"901474","public","toronto","10","72","40","0","20","10"
"903469","public","toronto","41","77","35","5","29","10"
"903590","public","scarborough","55","63","33","0","32","16"
"892483","public","scarborough","30","89","20","0","20","5"
"904112","public","north york","52","85","17","11","26","8"
"904635","public","north york","56","61","29","0","30","23"
"937592","public","toronto","85","88","11","1","25","14"
"906450","public","north york","59","95","10","6","33","2"
"906840","public","east york","42","70","24","1","28","9"
"908665","public","north york","57","61","29","0","30","25"
"909572","public","etobicoke","37","76","24","2","16","4"
"909602","public","toronto","10","96","15","9","14","6"
"910481","public","toronto","37","80","18","1","16","4"
"912174","public","toronto","62","57","15","1","27","22"
"912301","public","north york","70","85","20","0","30","10"
"912360","public","north york","77","79","14","2","31","6"
"915688","public","toronto","25","94","19","4","20","11"
"916463","public","toronto","30","14","100","0","30","10"
"917630","public","toronto","19","92","12","4","12","4"
"918547","public","toronto","74","77","17","1","43","14"
"906736","public","toronto","58","69","24","2","25","13"
"920231","public","etobicoke","61","46","26","0","33","23"
"920576","public","agincourt","70","76","20","0","30","10"
"921092","public","etobicoke","32","72","28","1","21","8"
"922056","public","toronto","17","95","15","3","10","1"
"922315","public","east york","28","97","9","2","15","4"
"922498","public","scarborough","63","83","20","0","21","13"
"924520","public","toronto","7","95","17","3","10","2"
"933198","public","toronto","86","82","12","5","46","18"
"925136","public","etobicoke","39","86","17","21","22","14"
"927384","public","toronto","31","88","24","5","23","7"
"928810","public","toronto","71","64","16","0","28","5"
"929468","public","toronto","64","81","19","0","28","26"
"930504","public","toronto","29","93","14","2","16","2"
"930768","public","toronto","17","88","23","21","16","3"
"931020","public","toronto","67","87","16","2","24","11"
"932191","public","toronto","25","60","40","0","20","15"
"932116","public","toronto","20","54","50","0","30","15"
"933759","public","toronto","47","84","22","8","29","16"
"937266","public","toronto","55","90","13","1","24","6"
"938173","public","etobicoke","23","90","12","4","14","6"
"939080","public","toronto","31","91","19","3","26","10"
"898910","public","toronto","13","95","22","8","19","7"
"939609","public","toronto","40","70","25","0","25","20"
"949744","public","scarborough","67","90","10","3","25","8"
"941425","public","etobicoke","30","80","22","0","17","6"
"941948","public","toronto","61","82","15","1","23","8"
"941972","public","toronto","17","80","22","1","11","4"
"942200","public","toronto","54","80","16","2","28","13"
"945250","public","toronto","68","85","16","0","32","12"
"947407","public","toronto","50","89","20","0","30","15"
"949027","public","toronto","20","100","7","17","12","5"
"949353","public","toronto","60","75","16","10","27","7"
"951560","public","toronto","37","70","34","0","26","10"
"951749","public","toronto","58","86","21","1","24","19"
"951951","public","toronto","27","76","30","18","21","11"
"952605","public","toronto","50","65","27","1","32","21"
"952818","public","toronto","45","46","30","0","37","34"
"952990","public","toronto","32","82","20","3","22","6"
"950130","public","toronto","51","94","13","21","18","4"
"954039","public","toronto","56","57","32","0","32","12"
"954160","public","toronto","65","82","16","10","28","13"
"954683","public","etobicoke","53","85","18","1","27","22"
"954810","public","toronto","51","93","11","3","23","3"
"890170","public","lindsay","7","29","12","0","15","7"
"895660","public","bracebridge","4","77","33","0","12","2"
"909700","public","fenelon falls","0","63","42","0","16","11"
"914380","public","gravenhurst","0","70","40","0","20","15"
"915297","public","haliburton","0","69","40","0","15","10"
"917761","public","huntsville","2","79","30","1","13","5"
"918130","public","lindsay","0","73","28","0","13","5"
"922838","public","lindsay","1","63","35","0","10","4"
"891630","public","almonte","0","75","25","0","10","0"
"892807","public","athens","5","59","35","0","10","0"
"896578","public","brockville","12","79","23","1","18","5"
"898520","public","carleton place","6","84","24","1","9","3"
"897876","public","williamstown","0","95","35","0","10","10"
"902810","public","cornwall","14","52","39","0","23","11"
"911526","public","gananoque","0","74","35","0","10","0"
"913219","public","alexandria","10","75","40","0","20","0"
"929590","public","chesterville","5","77","25","0","15","5"
"929859","public","kemptville","4","72","26","1","8","1"
"935050","public","perth","5","77","30","0","15","0"
"938300","public","elgin","0","75","30","0","10","0"
"935425","public","rockland","10","66","45","0","10","5"
"937673","public","russell","10","73","30","0","0","0"
"918415","public","iroquois","0","67","30","0","20","0"
"942596","public","smiths falls","5","69","34","0","16","4"
"942987","public","prescott","0","60","30","0","15","5"
"944670","public","cornwall","30","49","30","0","25","10"
"945072","public","cornwall","6","39","28","0","19","6"
"946648","public","avonmore","5","69","30","0","10","0"
"948314","public","brockville","8","79","31","1","16","4"
"949094","public","vankleek hill","20","95","20","0","20","0"
"899283","public","guelph","25","91","18","3","8","1"
"900214","public","shelburne","2","75","28","1","11","2"
"909831","public","fergus","2","85","27","2","8","6"
"902462","public","guelph","5","31","85","0","15","5"
"909050","public","erin","0","86","25","0","0","0"
"914770","public","guelph","29","88","22","5","10","6"
"918679","public","guelph","17","86","23","2","11","3"
"931284","public","palmerston","13","72","28","1","11","27"
"932450","public","orangeville","7","78","32","1","11","5"
"953555","public","mount forest","0","73","30","0","10","20"
"947253","public","orangeville","3","78","30","2","6","2"
"732320","catholic","cambridge","12","76","27","0","10","7"
"753009","catholic","kitchener","29","88","21","0","15","6"
"776726","catholic","cambridge","18","82","21","0","9","6"
"786217","catholic","waterloo","20","84","25","0","10","8"
"832103","catholic","kitchener","34","79","21","0","15","7"
"895458","public","waterloo","17","81","27","0","10","3"
"898090","public","kitchener","44","81","18","0","15","7"
"907499","public","kitchener","38","77","20","1","20","10"
"908142","public","elmira","23","84","22","0","7","30"
"910350","public","kitchener","42","68","25","0","19","9"
"911399","public","cambridge","28","77","21","0","13","12"
"913340","public","cambridge","16","68","35","2","13","8"
"914070","public","kitchener","22","75","31","0","8","8"
"917931","public","kitchener","31","74","24","0","10","3"
"918555","public","cambridge","12","65","35","0","7","3"
"920495","public","kitchener","19","79","33","1","14","5"
"936480","public","cambridge","16","79","30","1","9","4"
"942006","public","waterloo","37","85","27","1","12","3"
"943894","public","cambridge","3","69","24","0","8","6"
"950912","public","waterloo","48","85","20","1","16","7"
"951048","public","baden","4","79","20","1","6","6"
"689661","catholic","guelph","8","90","19","0","7","2"
"745529","catholic","guelph","30","79","21","0","13","8"
"798690","catholic","guelph","7","77","25","0","9","5"
"688363","catholic","windsor","39","82","14","0","29","11"
"694452","catholic","leamington","12","92","22","0","12","18"
"700088","catholic","windsor","77","75","12","0","40","18"
"706523","catholic","windsor","13","86","30","0","21","7"
"715824","catholic","windsor","21","86","15","0","18","6"
"771520","catholic","belle river","8","84","19","0","7","3"
"736163","catholic","windsor","26","85","19","0","18","6"
"864170","catholic","lasalle","4","93","23","0","7","3"
"728632","catholic","aurora","21","84","13","0","11","4"
"849901","catholic","woodbridge","12","88","16","4","8","6"
"706809","catholic","markham","48","97","8","0","16","10"
"720488","catholic","woodbridge","14","74","18","0","10","7"
"874888","catholic","richmond hill","45","84","15","0","21","2"
"748528","catholic","keswick","10","66","30","0","15","5"
"756709","catholic","newmarket","28","84","18","5","10","4"
"765708","catholic","markham","38","95","12","0","17","6"
"691356","catholic","markham","22","83","18","4","11","5"
"788112","catholic","thornhill","29","87","13","0","11","4"
"799912","catholic","woodbridge","20","78","14","0","11","8"
"801259","catholic","maple","22","83","16","0","11","6"
"811780","catholic","aurora","12","84","23","0","11","2"
"849626","catholic","thornhill","62","92","6","0","20","2"
"852546","catholic","richmond hill","31","92","14","6","13","2"
"904040","public","richmond hill","53","88","17","2","18","2"
"892998","public","aurora","26","94","16","3","11","3"
"893978","public","richmond hill","63","96","8","8","22","3"
"939585","public","unionville","10","94","12","2","12","4"
"890202","public","markham","40","95","16","2","12","5"
"933346","public","markham","65","92","10","0","16","8"
"905020","public","aurora","41","90","19","9","11","4"
"904970","public","newmarket","29","83","27","0","10","3"
"908819","public","woodbridge","14","87","13","0","7","4"
"949230","public","thornhill","53","90","18","2","11","3"
"917893","public","newmarket","10","80","33","1","10","5"
"919233","public","keswick","5","71","33","0","11","7"
"919586","public","king city","26","84","20","1","10","2"
"921661","public","richmond hill","63","87","11","0","21","2"
"951714","public","maple","67","91","13","4","13","8"
"924911","public","markham","29","89","18","11","10","5"
"924849","public","markham","52","95","10","20","15","6"
"926140","public","markham","84","88","13","0","19","13"
"926817","public","unionville","83","88","13","4","19","15"
"928682","public","newmarket","24","92","19","8","11","4"
"894672","public","markham","61","97","10","3","20","8"
"964809","public","richmond hill","52","90","20","1","17","3"
"938106","public","richmond hill","61","92","11","15","18","3"
"942340","public","newmarket","28","82","27","1","9","2"
"945508","public","thornhill","46","91","23","1","11","3"
"945455","public","stouffville","28","83","22","0","10","5"
"946362","public","sutton","0","56","40","0","15","5"
"947792","public","thornhill","65","89","14","12","25","3"
"947814","public","thornhill","49","93","13","1","19","3"
"898285","public","woodbridge","53","86","16","1","11","10"
"949140","public","unionville","63","93","10","1","23","5"
"952516","public","thornhill","29","91","28","2","12","2"
"954292","public","woodbridge","52","83","21","0","11","8"
